id,name,age,address,father_name
3,Code keen,23,,
4,Code keen,23,,
8,Muhamamd usman,18,,Sajid
9,Muhamamd usman,19,,Sajid
10,Muhamamd usman,29,,Sajid
12,Muhamamd usman,19,,Sajid
13,Muhamamd usman,29,,Sajid
14,Muhamamd usman,29,,Sajid
15,Muhamamd usman updated,19,,Sajid updated
16,Muhammad Shakeeb,18,,Shakeeb
17,,18,,
18,Muhammad Safdar,19,,Ali khan
19,Muhammad Safdar,19,,Def khan
20,Muhammad Safdar,19,,Def khan
21,Madeline Huerta,25,"70587 Brian Center
Tracyport, WA 88097",Parker Sheppard
22,Susan Welch,28,"4823 Amanda Plaza Suite 905
Lake William, MA 68090",Jane Price
23,Robert Ware,27,"PSC 0585, Box 2360
APO AA 81236",Samantha Hill
24,Crystal Travis,23,"5712 Howard Valley
West Georgefurt, MA 13991",April Duncan
25,Greg Johnson,27,"76052 Leonard Walk
North Danny, WA 35841",Karl Reid
26,Gregory Holland,40,"25396 Tammy Skyway Suite 181
South Shelbyburgh, NH 28125",Richard Hall
27,Brandy Stewart,21,"4789 Alexander Rapids
Christopherland, PA 21758",Tara Huerta
28,David Ray,36,"34813 Garcia Terrace Suite 464
Lake John, ND 68811",Kristin Lawrence
29,Joshua Watson,35,"140 Charles Light Apt. 579
North David, KS 87642",Nicolas Brown
30,Christopher Rodriguez,36,"41713 Harper Mountains Suite 156
Port Frances, NE 22439",Mr. Robert Stone
31,Veronica Smith,31,"284 Miller Cliffs Suite 296
Kellyview, SC 46977",Angel Ellison
32,Tammy Davis,32,"7509 Vasquez Lane Suite 420
Nealland, VA 87676",Karl James
33,Jeffrey Mitchell,30,"Unit 2014 Box 3134
DPO AP 71591",Susan Pearson
34,Marvin Patterson,32,"PSC 1989, Box 8635
APO AE 54542",David Hughes
35,Sharon Alvarez,34,"1031 Lindsey Village
East David, VA 88035",Victor Delgado
36,Kyle Torres,30,"382 Kevin Corners
Warrenchester, IN 12717",Katherine Miller
37,Katie Fuentes,37,"Unit 4088 Box 6582
DPO AA 79866",Jeremy Francis
38,Duane Johnson,18,"06589 Denise Ports
Thomasmouth, MI 30360",Robert Stafford
39,Latasha Alvarez,37,"PSC 5859, Box 1119
APO AP 38339",Steven Smith
40,Henry Nicholson,32,"015 Brandon Lock
Whiteville, CA 69534",Ryan Daniels
